<?xml version="1.0" encoding="UTF-8"?>
<root>
   <name>OS</name>
   <key>os</key>
   <state>beta</state>
   <logo>https://github.com/juniormarcati/glpi_os/blob/master/pics/logo_os.png?raw=true</logo>
   <description>
      <short>
         <pt_BR><![CDATA[Plugin para gerar OS.]]></pt_BR>
      </short>
      <long>
         <pt_BR><![CDATA[Plugin para gerar Ordem de Serviço baseado em informações do ticket.]]></pt_BR>
         </long>
   </description>
   <homepage>https://github.com/juniormarcati/glpi_os</homepage>
   <download>https://github.com/juniormarcati/glpi_os/releases</download>
   <authors>
      <author>Junior Marcati</author>
   </authors>
   <versions>
      <version>
         <num>0.2.0-beta3</num>
         <compatibility>~10.1.1</compatibility>
         <download_url>https://github.com/juniormarcati/glpi_os/archive/refs/tags/v0.2.0-beta3.tar.gz</download_url>
      </version>
   <langs>
      <lang>pt_BR</lang>
    </langs>
   <license><![CDATA[AGPL v3+]]></license>
    <tags>
   </tags>
</root>
